<?xml version="1.0" encoding="UTF-8"?>
<project-private xmlns="http://www.netbeans.org/ns/project-private/1">
    <editor-bookmarks xmlns="http://www.netbeans.org/ns/editor-bookmarks/2" lastBookmarkId="0"/>
    <open-files xmlns="http://www.netbeans.org/ns/projectui-open-files/2">
        <group>
            <file>file:/Users/tomaszgostek/Documents/serwer/PO---system-rezerwacji/Constructive%20Solid%20Geometry/test/constructive/solid/geometry/ConstructiveSolidGeometryTest.java</file>
            <file>file:/Users/tomaszgostek/Documents/serwer/PO---system-rezerwacji/Constructive%20Solid%20Geometry/src/constructive/solid/geometry/Rotated.java</file>
            <file>file:/Users/tomaszgostek/Documents/serwer/PO---system-rezerwacji/Constructive%20Solid%20Geometry/test/constructive/solid/geometry/EllipseTest.java</file>
            <file>file:/Users/tomaszgostek/Documents/serwer/PO---system-rezerwacji/Constructive%20Solid%20Geometry/src/constructive/solid/geometry/ShapeVisitor.java</file>
            <file>file:/Users/tomaszgostek/Documents/serwer/PO---system-rezerwacji/Constructive%20Solid%20Geometry/src/constructive/solid/geometry/Translated.java</file>
            <file>file:/Users/tomaszgostek/Documents/serwer/PO---system-rezerwacji/Constructive%20Solid%20Geometry/src/constructive/solid/geometry/Union.java</file>
            <file>file:/Users/tomaszgostek/Documents/serwer/PO---system-rezerwacji/Constructive%20Solid%20Geometry/src/constructive/solid/geometry/Ellipse.java</file>
            <file>file:/Users/tomaszgostek/Documents/serwer/PO---system-rezerwacji/Constructive%20Solid%20Geometry/test/constructive/solid/geometry/ShapeVisitorTest.java</file>
            <file>file:/Users/tomaszgostek/Documents/serwer/PO---system-rezerwacji/Constructive%20Solid%20Geometry/src/constructive/solid/geometry/Shape.java</file>
            <file>file:/Users/tomaszgostek/Documents/serwer/PO---system-rezerwacji/Constructive%20Solid%20Geometry/src/constructive/solid/geometry/IteratorShape.java</file>
            <file>file:/Users/tomaszgostek/Documents/serwer/PO---system-rezerwacji/Constructive%20Solid%20Geometry/test/constructive/solid/geometry/IntersectionTest.java</file>
            <file>file:/Users/tomaszgostek/Documents/serwer/PO---system-rezerwacji/Constructive%20Solid%20Geometry/src/constructive/solid/geometry/Difference.java</file>
            <file>file:/Users/tomaszgostek/Documents/serwer/PO---system-rezerwacji/Constructive%20Solid%20Geometry/src/constructive/solid/geometry/Rectangle.java</file>
            <file>file:/Users/tomaszgostek/Documents/serwer/PO---system-rezerwacji/Constructive%20Solid%20Geometry/src/constructive/solid/geometry/Intersection.java</file>
            <file>file:/Users/tomaszgostek/Documents/serwer/PO---system-rezerwacji/Constructive%20Solid%20Geometry/test/constructive/solid/geometry/DifferenceTest.java</file>
            <file>file:/Users/tomaszgostek/Documents/serwer/PO---system-rezerwacji/Constructive%20Solid%20Geometry/test/constructive/solid/geometry/RotatedTest.java</file>
        </group>
    </open-files>
</project-private>
